class,id,high,weight,shangbiweisongjincha,xiongwei,huxicha,jiaowei,tunwei,jiankuan,gupenkuan,tizhong,tizhilv,jibenxinlv,xingongzhishu,maiyacha,feihuoliang,zuidasheyangliang,pingjunwoli,beijili,1minyangwoqizuo,lidingtiaoyuan,fuwocheng,xanzefanyingshi,50m,shizibianxiangpao,wangfanpao,fanfuhengkua,congcha,hengcha,zuoweitiqianqu,zhuanjian,litizhuanti,bimudanzu,1minpaowangqiu
3,81,0.007623008,0.00655308,0.105263158,0.012113055,0.137254902,0.009419152,0.003807107,0.01242236,0.00896861,0.018817204,0,-0.042253521,-0.052173913,0.076923077,0.140807651,0.041156296,0.07787016,0.073221757,0.090909091,0.071005917,0,-0.053571429,-0.031578947,-0.056962025,-0.063380282,0.102564103,-0.050561798,-0.037974684,0.145454545,0.011695906,-0.01056338,0.307692308,0.138686131
3,82,0.009721322,0.009580838,0,0.010152284,0.125,0.004672897,0.0036452,0.011730205,0.015686275,0.008385744,0,-0.02739726,-0.033898305,0.083333333,0.078834209,0.039923954,0.101339819,0.05451448,0.071428571,0.071856287,0.071428571,-0.037037037,-0.030612245,-0.056497175,-0.045454545,0.147058824,-0.061643836,-0.045454545,0.05952381,0.023255814,-0.014545455,0.517241379,0.133858268
3,83,0.01002004,0.010050251,0.08,0.011034483,0.118644068,0.004552352,0.003694581,0.012195122,0.016129032,0.015350877,0,-0.015625,-0.074468085,0,0.164086687,0.040919719,0.075753228,0.056838366,0.037037037,0.068571429,0.375,-0.051724138,-0.021505376,-0.054878049,-0.051470588,0.138888889,-0.053892216,-0.040358744,0.074626866,0.01244168,-0.014184397,0.315789474,0.089655172
3,84,0.009874918,0.009815951,0.12,0.010322581,0.122807018,0.004379562,0.003631961,0.011976048,0.016736402,0.00856531,0,-0.044117647,-0.04950495,0,0.218181818,0.036971831,0.093318888,0.052545156,0.086956522,0.074534161,0.6,-0.054545455,-0.030927835,-0.056818182,-0.046979866,0.172413793,-0.042654028,-0.03358209,0.357142857,0.005319149,-0.013289037,0.292682927,0.122302158
3,85,0.007352941,0.006779661,0.060606061,0.009489917,0.094594595,0.003865979,0.003340757,0.011019284,0.01369863,-0.003745318,0,-0.014492754,-0.066037736,0,0.1037182,0.033005894,0.067463937,0.04491018,0.04,0.073619632,0,-0.053571429,-0.031914894,-0.052631579,-0.02919708,0.097560976,-0.035573123,-0.029605263,-0.086206897,0.010178117,-0.014652015,0.448275862,0.118881119
3,86,0.007462687,0.007575758,0,0.011795544,0.132075472,0.00462963,0.003856041,0.01242236,0.01754386,0.009259259,0,-0.014925373,-0.067307692,0,0.308910891,0.040737148,0.104862251,0.058287796,0.038461538,0.075949367,0.428571429,-0.037735849,-0.031578947,-0.056962025,-0.034013605,0.147058824,-0.160714286,-0.096774194,0.033783784,0.017130621,-0.012738854,0.652173913,0.093333333
3,87,0.009848982,0.009779951,0.125,0.011461318,0.120689655,0.005309735,0.004043127,0.011940299,0.016736402,0.009367681,0,-0.013888889,-0.059322034,0,0.119477006,0.036971831,0.108107672,0.055749129,0.03125,0.052631579,0.076923077,-0.053571429,-0.032258065,-0.054878049,-0.050359712,0.102564103,-0.058823529,-0.041860465,0.063291139,0.013961606,-0.007194245,0.7,0.154545455
3,88,0.011960133,0.011083744,0.095238095,0.010568032,0.116666667,0.00477707,0.003690037,0.012307692,0.016129032,0.008547009,0,-0.042253521,-0.061946903,0,0.128953771,0.035029191,0.088686513,0.053422371,0.035714286,0.072289157,3,-0.056603774,-0.03125,-0.058139535,-0.048611111,0.142857143,-0.048387097,-0.040540541,0.096153846,0.012779553,-0.013986014,0.5,0.122302158
3,89,0.010252905,0.010191083,0.2,0.010723861,0.132075472,0.005181347,0.003968254,0.012578616,0.018691589,0.009876543,0,-0.038961039,-0.05511811,0,0.121727147,0.035974304,0.073523248,0.059813084,0.03030303,0.068571429,0.428571429,-0.058823529,-0.031914894,-0.054216867,-0.049295775,0.108108108,-0.037815126,-0.031690141,0.833333333,0.011510791,-0.013468013,0.375,0.128787879
3,90,0.010141988,0.010062893,0.090909091,0.008951407,0.192982456,-0.00152207,0.007255139,0.012232416,0.024390244,0.009433962,0,-0.04,-0.05785124,0,0.142167382,0.036300778,0.093823737,0.055459272,0.032258065,0.070588235,0.083333333,-0.057692308,-0.030927835,-0.056818182,-0.048275862,0.131578947,-0.052325581,-0.039647577,0.083333333,0.016871166,-0.014981273,0.352941176,0.118055556
3,91,0.009572431,0.00968523,0.086956522,0.009937888,0.112903226,0.004316547,0.001168224,0.011363636,0.015209125,0.007736944,0,-0.016393443,-0.079545455,0,0.137662338,0.03565365,0.090705041,0.044585987,0.03125,0.071005917,1,-0.052631579,-0.032258065,-0.055214724,-0.050359712,0.128205128,0,0,0.028409091,0.029880478,-0.012618297,0.433333333,0.11971831
3,92,0.009357455,0.009101251,0.0625,0.009378664,0.094594595,0.004065041,0.003389831,0.011173184,0.014134276,-0.001858736,-0.047619048,-0.014285714,-0.065420561,0,0.090289608,0.037668161,0.070506995,0.048929664,0.033333333,0.074074074,0.75,-0.037735849,-0.035294118,-0.058441558,-0.055555556,0.206896552,-0.076923077,-0.054216867,0.046728972,0.013490725,-0.016736402,0.352941176,0.125925926
3,93,0.00990099,0.009815951,-0.029411765,0.010349288,0.122807018,0.004594181,0.003649635,0.026785714,0.016326531,0.008658009,0,-0.014084507,-0.063063063,0,0.137092602,0.038391225,0.07422328,0.058823529,0.03030303,0.069767442,0.090909091,-0.058823529,-0.031578947,-0.056603774,-0.028985507,0.125,-0.045685279,-0.035573123,0.138888889,0.01242236,-0.0078125,0.333333333,0.130769231
3,94,0.01010101,0.010269576,0.090909091,0.010899183,0.152542373,0.004823151,0.006273526,0.012195122,0.015748031,0.008474576,0,-0.014925373,-0.067307692,0,0.128953771,0.03565365,0.094834454,0.054888508,0.037037037,0.071856287,0.5,-0.056603774,-0.03125,-0.051136364,-0.03649635,0.161290323,-0.042056075,-0.032846715,0.263157895,0.011887073,-0.012820513,0.636363636,0.11971831
3,95,0.009791123,0.009803922,0.083333333,0.010037641,0.131147541,0.00462963,0.003636364,0.011695906,0.015209125,0.008080808,0,-0.01369863,-0.059322034,0,0.116483516,0.032735776,0.110901232,0.061895551,0.03125,0.069767442,0.090909091,-0.054545455,-0.032258065,-0.056962025,-0.044444444,0.147058824,-0.06122449,-0.043269231,0.056818182,0.013937282,-0.014981273,0.387096774,0.128787879
3,96,0.010438413,0.010471204,0.133333333,0.010217114,0.14893617,0,0.003807107,0.012779553,0.019230769,0.00982801,0,-0.029411765,-0.066037736,0,0.13022113,0.040737148,0.117057173,0.065979381,0.03030303,0.076433121,0,-0.056603774,-0.030927835,-0.051724138,-0.048275862,0.1,-0.054216867,-0.039823009,0.030769231,0.011379801,-0.012779553,0.461538462,0.11409396
3,97,0.009463722,0.009122007,0.090909091,0.009478673,0.097222222,0.004043127,0.003504673,0.01183432,0.01459854,0.007920792,0,-0.013888889,-0.059322034,-0.026315789,0.12406367,0.053083923,0.07240223,0.056537102,0.032258065,0.044692737,0.222222222,-0.055555556,-0.033707865,-0.058823529,-0.052631579,0.135135135,-0.049180328,-0.041474654,0.108695652,0.010869565,-0.014492754,0.387096774,0.081761006
3,98,0.010094213,0.00996264,0.074074074,0.010457516,0.116666667,0.004398827,0.003550296,0.021472393,0.016806723,0.008908686,0,-0.038961039,-0.054263566,0,0.136246787,0.039923954,0.097187336,0.05360134,0.037037037,0.071005917,0,-0.057692308,-0.03125,-0.053892216,-0.05,0.138888889,-0.072,-0.049450549,0.053763441,0.014869888,-0.013888889,0.4,0.114864865
3,99,0.009590793,0.009367681,0.076923077,0.00996264,0.112903226,0.004255319,0.003389831,0.023809524,0.02734375,0.008196721,0,-0.015384615,-0.073684211,0,0.107070707,0.037316748,0.090733987,0.04368932,0.038461538,0.071428571,0.428571429,-0.055555556,-0.033333333,-0.057324841,-0.051851852,0.111111111,-0.035433071,-0.03030303,-0.135135135,0.010322581,-0.014336918,0.444444444,0.111111111
3,100,0.009836066,0.009815951,0.176470588,0.010680908,0.122807018,0.004651163,0.003597122,0.011976048,0.016064257,0.008421053,0,-0.014492754,-0.066037736,0,0.139694254,0.036971831,0.086379699,0.054794521,0.034482759,0.068181818,0.083333333,-0.054545455,-0.031578947,-0.054545455,-0.04964539,0.12195122,-0.049450549,-0.036290323,0.089285714,0.012345679,-0.014336918,0.428571429,0.114864865
3,101,0.010438413,0.010484928,0.060606061,0.011379801,0.142857143,-0.001795332,0.00390625,0.013157895,0.017777778,0.010075567,0,-0.013513514,-0.056451613,0,0.142857143,0.042922841,0.095767102,0.060721063,0.05,0.071005917,0.1,-0.057692308,-0.032608696,-0.058441558,-0.051470588,0.147058824,-0.050847458,-0.039473684,0.079365079,0.012965964,-0.014134276,0.375,0.145299145
3,102,0.009627728,0.009720535,0.066666667,0.009650181,0.09375,0.004580153,0.003562945,0.011627907,0.01532567,0.003952569,0,-0.015151515,-0.070707071,0,0.143011333,0.041584158,0.074950982,0.050473186,0,0.070588235,0.076923077,-0.058823529,-0.031914894,-0.055555556,-0.05,0.138888889,-0.056962025,-0.041860465,0.06097561,0.013913043,-0.01320132,0.3,0.125
3,103,0.010046885,0.010062893,0.095238095,0.01183432,0.169811321,0.005190311,0.00373599,0.011940299,0.016528926,0.008830022,0,-0.013888889,-0.059322034,0,0.164086687,0.039529412,0.108262987,0.055555556,0.037037037,0.072289157,0.222222222,-0.056603774,-0.03125,-0.0625,-0.049295775,0.151515152,-0.077586207,-0.048648649,0.036764706,0.01179941,-0.014705882,0.428571429,0.134920635
3,104,0.008888889,0.006802721,0.210526316,0.010139417,0.118644068,0.001477105,0.003512881,0.011142061,0.014545455,0,0,-0.014705882,-0.071428571,0,0.123543124,0.075114972,0.092496751,0.051948052,0.038461538,0.068965517,0.428571429,-0.052631579,-0.032258065,-0.056603774,-0.050359712,0.142857143,-0.037815126,-0.033088235,-0.25,0.013333333,-0.014285714,0.324324324,0.118055556
3,105,0.009689922,0.00973236,0.08,0.010269576,0.098591549,0.004518072,0.00120919,0.011527378,0.014035088,0.008298755,0,-0.016949153,-0.086419753,0,0.129584352,0.031448896,0.119572531,0.054982818,0.041666667,0.074074074,0.5,-0.053571429,-0.022222222,-0.057324841,-0.030534351,0.2,-0.060240964,-0.031578947,-0.151515152,0.010723861,-0.013513514,0.285714286,0.121428571
3,106,0.010107817,0.009950249,0.095238095,0.011034483,0.127272727,0.004716981,0.003690037,0.012084592,0.008888889,0.025821596,0,-0.015625,-0.074468085,-0.090909091,0.144414169,0.031951312,0.093155119,0.061619718,0.047619048,0.075471698,0.222222222,-0.057692308,-0.031578947,-0.053892216,-0.048951049,0.135135135,-0.046875,-0.03515625,0.108695652,0.011510791,-0.003816794,0.266666667,0.124087591
3,107,0.009960159,0.009840098,0.111111111,0.010709505,0.132075472,0.004559271,0.003640777,0.011976048,0.016326531,0.00862069,0,-0.015384615,-0.072164948,0,0.135549872,0.033280507,0.07323975,0.058608059,0.03125,0.072727273,0.076923077,-0.056603774,-0.031914894,-0.054878049,-0.05,0.161290323,-0.051724138,-0.042654028,0.064102564,0.011695906,-0.013513514,0.482758621,0.108974359
3,108,0.009225092,0.008978676,0.064516129,0.010403121,0.102941176,0.004385965,0.003759398,0.011331445,0.024475524,-0.007042254,-0.043478261,-0.014492754,-0.066037736,0,0.106941082,0.036633232,0.070145085,0.050147493,0.032258065,0.070588235,0.083333333,-0.054545455,-0.031578947,-0.053571429,-0.04964539,0.131578947,-0.04,-0.036437247,-0.3125,0.010854817,-0.014336918,0.571428571,0.142857143
3,109,0.012024048,0.012626263,0.217391304,0.011331445,0.134615385,0.00487013,0.003831418,0.012048193,0.016949153,0.009324009,0,-0.027777778,-0.060869565,0.076923077,0.129584352,0.035338662,0.080000355,0.053872054,0.034482759,0.071856287,0.222222222,-0.055555556,-0.032258065,-0.058823529,-0.050359712,0.125,-0.034220532,-0.027607362,-0.102040816,0.010484928,-0.014035088,0.342857143,0.121428571
3,110,0.009759271,0.00996264,0.083333333,0.010989011,0.116666667,0.00466563,0.003592814,0.011494253,0.015810277,0.008385744,0,-0.015151515,-0.068627451,0,0.123543124,0.032735776,0.109885334,0.055652174,0.08,0.072289157,0.428571429,-0.054545455,-0.030612245,-0.048913043,-0.047945205,0.142857143,-0.056962025,-0.045685279,0.073529412,0.012698413,-0.013745704,0.387096774,0.124087591
3,111,0.009410289,0.009248555,0.068965517,0.009489917,0.098591549,-0.004070556,0.003285871,0.025280899,0.014234875,0.008298755,0,-0.015873016,-0.079545455,0,0.141408751,0.015601783,0.096968989,0.042763158,0.028571429,0.074074074,0,-0.055555556,-0.032608696,-0.054216867,-0.02919708,0.138888889,-0.025210084,-0.052023121,0.094736842,0.01459854,-0.014440433,0.461538462,0.111842105
3,112,0.009596929,0.006009615,0.083333333,0.009950249,0.095890411,0.004120879,0,0.011661808,0.014705882,0.004201681,0,-0.014492754,-0.067961165,0,0.12274201,0.039142591,0.075702018,0.056939502,0.034482759,0.071428571,0.6,-0.04,-0.031914894,-0.055214724,-0.04964539,0.142857143,-0.049450549,-0.074235808,0.086206897,0.01236476,-0.014705882,0.387096774,0.114864865
3,113,0.01014885,0.010204082,0.076923077,0.011188811,0.132075472,0.011532125,0.003870968,0.012307692,0.017241379,0.008928571,0,-0.014492754,-0.063636364,0,0.160411622,0.038391225,0.089471701,0.055846422,0.037037037,0.058479532,0,-0.053571429,-0.02247191,-0.059210526,-0.050359712,0.135135135,-0.060810811,-0.046875,0.05952381,0.014414414,-0.01980198,0.4,0.127819549
3,114,0.01047486,0.01062417,0.095238095,0.022321429,0.239130435,0.005244755,0.004043127,0.012779553,0.018957346,0.009638554,0,-0.014084507,-0.064220183,0,0.177257525,0.040737148,0.10244666,0.060150376,0.035714286,0.072727273,0,-0.053571429,-0.03030303,-0.062857143,-0.046357616,0.138888889,-0.052325581,-0.038961039,0.084745763,-0.010574018,-0.013333333,0.333333333,0.089655172
3,115,0.012265978,0.012019231,0,0.009650181,0.046875,0.004249292,0.003592814,0.01183432,0.015936255,0.008350731,0,-0.013888889,-0.063063063,0,0.151949541,0.008913413,0.088563686,0.063241107,0.032258065,0.073170732,0.375,-0.056603774,-0.033707865,-0.058064516,-0.051470588,0.151515152,-0.041420118,-0.04368932,0.080645161,0.002849003,-0.014440433,0.226415094,0.1328125
3,116,0.009351621,0.009101251,0.1,0.004694836,0.101449275,0.004189944,0.003476246,0.011494253,0.014184397,0.007782101,0,-0.013513514,-0.05785124,-0.102564103,0.109730849,0.042467139,0.077556189,0.055267703,0.033333333,0.072289157,0.5,-0.018867925,-0.034090909,-0.059210526,-0.052631579,0.15625,-0.039473684,-0.034090909,0.384615385,0.010723861,-0.017316017,0.5,0.118055556
3,117,0.009823183,0.009840098,0.263157895,0.010430248,0.172413793,0.004658385,0.003618818,0.011940299,0.016194332,0.008849558,0,-0.013333333,-0.059322034,0,0.064604542,0.036971831,0.090286243,0.04368932,0.03030303,0.077419355,0.222222222,-0.051724138,-0.031914894,-0.055555556,-0.050359712,0.111111111,-0.0625,-0.04368932,0.043103448,0.01217656,-0.014285714,0.387096774,0.121428571
3,118,0.009920635,0.009803922,0.04,0.010088272,0.163934426,0.004601227,0.003614458,0.012195122,0.016736402,0.008528785,0,-0.015384615,-0.072916667,0,0.140583554,0.036971831,0.066784252,0.064386318,0,0.057803468,0.428571429,-0.055555556,-0.032967033,-0.05625,-0.052631579,0.069767442,-0.054878049,-0.040540541,0.054347826,0.01322314,-0.014388489,0.352941176,0.108974359
3,119,0.005671078,0.00462963,0.0625,0.009913259,0.104477612,0.004237288,0.003508772,0.023121387,0.014388489,0.002016129,0,-0.031746032,-0.044444444,-0.065217391,0.129832936,0.008389932,0.087157797,0.055459272,0.035714286,0.079754601,1,-0.037037037,-0.031578947,-0.058064516,-0.03649635,0.166666667,-0.116883117,-0.0703125,0.034965035,0.016096579,-0.004132231,0.342857143,0.139705882
3,120,0.009816754,0.009720535,0.25,0.014341591,0.109375,0.00913242,0.003631961,0.012048193,0.00390625,0.008368201,-0.055555556,-0.028571429,-0.064814815,-0.025641026,0.144100054,0.036633232,0.107211538,0.065140845,0.034482759,0.072289157,0.6,-0.036363636,-0.031914894,-0.055214724,-0.053030303,0.147058824,-0.051724138,-0.039647577,0.070422535,0.012345679,-0.014705882,0.433333333,0.185483871
5,161,0.004860267,0.003386005,0.03125,0.017084282,0.013333333,0.054973822,0.003215434,0.005602241,0.010033445,0.062056738,0.041666667,0.063492063,0.010638298,0.114285714,-0.028507795,-0.04194966,0.042284999,0.033923304,-0.035714286,0.01744186,-0.125,-0.018518519,-0.010752688,-0.012195122,-0.006993007,0,0.102564103,0.080808081,-0.16,0.033548387,-0.027681661,0.029411765,0.02173913
5,162,0.009759271,0.00729927,0.15,0.028325123,-0.044117647,0.056300268,0.006629834,0.012012012,0.01171875,0.071574642,0.105263158,-0.012987013,0,0.051282051,0.018897638,-0.030244839,0.030018365,0.039723661,-0.033333333,0.017857143,0,-0.018181818,0,-0.006329114,0,0,0.02690583,0.02189781,-0.133333333,0.034759358,-0.029411765,0.074074074,0.021276596
5,163,0.008592201,0.00871731,0.047619048,0.017195767,2.40862E-15,0.065318818,0.00969697,0.011695906,0.010948905,0.068093385,0.090909091,0.029850746,0.010416667,0,0.019512195,-0.026980728,0.025653417,0.04159132,-0.034482759,0.043209877,0.5,0,-0.01,-0.010752688,-0.006711409,0,0.040816327,0.029268293,0.02173913,0.051324503,-0.028368794,0.1,0
5,164,0.009078212,0.009234828,0.052631579,0.017520216,0.018867925,0.071794872,0.008053691,0.012539185,0.014150943,0.096418733,0.142857143,0.013333333,0.008196721,0,0.016408387,-0.032898172,0.075902877,0.048117155,0,0.018181818,0.666666667,0,-0.01010101,-0.011363636,-0.006578947,0,0.044117647,0.033898305,-0.019230769,0.046678636,-0.025806452,0.03030303,0.022556391
5,165,0.008807588,0.008917197,0.037037037,0.017379679,2.45015E-15,0.070351759,0.007662835,0.012307692,0.025316456,0.081775701,0.133333333,0,0.019047619,0,0.014652015,-0.027728873,0.038783842,0.047531993,-0.03030303,0.01863354,-0.1,0,-0.010526316,-0.012048193,-0.007246377,-0.023255814,0.034285714,0.027149321,-0.036363636,0.04467354,-0.033613445,0.071428571,0.020408163
5,166,0.008452536,0.008454106,0.043478261,0.016752577,0.016129032,0.06431853,0.007211538,0.011661808,0.012195122,0.071574642,0.105263158,0.01369863,0.017699115,0,0.014206788,-0.030552861,0.036945744,0.038785835,-0.04,0.04516129,-0.125,0,-0.011111111,-0.006289308,-0.007462687,0,0.031088083,0.024691358,-0.055555556,0.040185471,-0.030075188,0,0.064
5,167,0.008707301,0.008567931,0.034482759,0.0171278,2.40862E-15,0.070987654,0.00486618,0.005952381,0.011764706,0.074946467,0.111111111,0.048387097,0.023529412,0,0.016566958,-0.025819672,0.027976323,0.040069686,-0.033333333,0.017964072,-0.1,0,-0.011235955,-0.006410256,-0.007352941,0,0.032786885,0.026548673,-0.043478261,0.043117745,-0.026490066,0.060606061,0.020979021
5,168,0.008238276,0.008254717,-0.041666667,0.028465347,0.014925373,0.060344828,0.007083825,0.011869436,0.011320755,0.068897638,0.105263158,0.01369863,0.016666667,0,0.018789144,0,0.027471682,0.0368,-0.038461538,0.018181818,-0.111111111,0,-0.010752688,-0.011904762,-0.007142857,0,0.103225806,0.065420561,-0.064935065,0.038632987,-0.028469751,0.066666667,0.053571429
5,169,0.010547132,0.008567931,0.055555556,0.016795866,0.089285714,0.065420561,0.007481297,0.012539185,0.020242915,0.075593952,0.133333333,0.013333333,0.01754386,0,0.018108652,-0.030867222,0.032371411,0.037828947,-0.033333333,0.019354839,-0.1,0,-0.011111111,-0.012195122,-0.007407407,0,0.028571429,0.022813688,0.045454545,0.040816327,-0.025157233,0.0625,0.025210084
5,170,0.008678238,0.008674102,0.032258065,0.017150396,0.015873016,0.063253012,0.007518797,0.012158055,0.029535865,0.079726651,0.125,0.013888889,0.016806723,0.026315789,0.0192,-0.029356943,0.038574812,0.0395189,-0.034482759,0.017857143,-0.090909091,0,-0.010416667,-0.01183432,-0.014184397,0,0.032967033,0.024291498,-0.04,0.04290429,-0.02962963,0,0.025641026
5,171,0.008519004,0.008515815,0.041666667,0.017449664,-0.016666667,0.066455696,0.007290401,0.012578616,0.012096774,0.088383838,0.153846154,-0.025641026,-0.022727273,0,0.016941176,-0.033262936,0.032424048,0.036395147,-0.041666667,0.019230769,0,0,-0.01010101,-0.011494253,-0.006802721,0,0.046875,0.032967033,-0.015873016,0.045454545,-0.02919708,0.076923077,0.020833333
5,172,0.00848564,0.008443908,0.045454545,0.019583843,0.014492754,0.059405941,0.006779661,0.011869436,0.011152416,0.062836625,0,0.014492754,0.019047619,0,0.015371477,-0.027474924,0.033105993,0.038851351,-0.026315789,0.017964072,-0.111111111,0,-0.010752688,-0.012195122,-0.00729927,0,0.023715415,0.019672131,0.052631579,0.03307888,-0.029520295,0.095238095,0.018987342
5,173,0.008109794,0.008009153,0.041666667,0.016927083,0.056338028,0.074013158,0.007255139,0.011173184,0.010416667,0.071574642,0.117647059,0.032258065,0.023255814,0,0.016378526,-0.055471698,0.017935732,0.036741214,-0.04,0.01734104,0.333333333,0,-0.010869565,-0.005780347,-0.007462687,0,0.056701031,0.024896266,-0.055555556,0.032786885,-0.028846154,0,0.023255814
5,174,0.006863418,0.006596306,0.125,0.018232819,0.1,0.074074074,0.007926024,0.013245033,0.012396694,0.111702128,0.133333333,0.01369863,0.017857143,0.088235294,0.0909699,-0.030244839,0.047218037,0.046678636,-0.028571429,0.018181818,-0.0625,0,-0.010752688,-0.01242236,-0.007194245,0,0.028985507,0.022900763,-0.071428571,0.039453718,-0.029411765,0,0.019736842
5,175,0.008207071,0.008168028,0.04,0.01536643,0.01369863,0.057377049,0.006872852,0.011661808,0.011811024,0.069724771,0.090909091,0.015151515,0.02020202,0,0.018227848,-0.026740238,0.030249011,0.040925267,-0.032258065,0.01744186,-0.142857143,0,-0.01010101,-0.011428571,-0.006802721,0,0.036144578,0.02690583,-0.030769231,0.048327138,-0.026845638,0.074074074,0.024590164
5,176,0.00843061,0.008547009,0.148148148,0.015738499,-0.014925373,0.059490085,0.006952491,0.01179941,0.01119403,0.072016461,0.105263158,0.014705882,0.018867925,0,0.02005571,-0.027728873,0.036405144,0.03814262,0,0.017964072,1.5,0,-0.010204082,-0.012269939,-0.006896552,0,0.034682081,0.026315789,-0.033333333,0.043551089,-0.027586207,0.08,0.022058824
5,177,0.008397933,0.008588957,0.038461538,0.01543943,-0.029411765,0.057931034,0.007067138,0.011695906,0.012295082,0.061728395,0,0.01369863,0.016806723,0,0.015873016,-0.027474924,0.026987075,0.035658915,-0.033333333,0.017857143,-0.076923077,0,-0.010752688,-0.012578616,-0.00729927,0,0.038216561,0.027906977,-0.06097561,0.041533546,-0.028776978,0.074074074,0.02238806
5,178,0.008713137,0.008894536,0.047619048,0.016688062,0.016949153,0.063063063,0.007272727,0.012084592,0.017621145,0.082105263,0.111111111,0.016129032,0.024390244,0,0.017681729,-0.024551832,0.034695129,0.042671614,-0.029411765,0.038216561,-0.071428571,0,-0.010526316,-0.0125,-0.007246377,-0.024390244,0,0.082191781,-0.011976048,0.068181818,-0.030487805,-0.027027027,0.020547945
5,179,0.005464481,0.003325942,0.03030303,0.012687428,0.013157895,0.063186813,0.006550218,0.010958904,0.010380623,0.059726962,0.111111111,0.013888889,0.01754386,-0.111111111,0.013114754,-0.028519692,0.028341939,0.034690799,-0.035714286,0.019480519,-0.111111111,0,-0.010638298,-0.012121212,-0.007042254,0,0.034883721,0.044642857,-0.035087719,0.034255599,-0.026229508,0.083333333,0.02173913
5,180,0.008054523,0.007972665,0.04,0.015204678,0.01369863,0.06025825,0.010067114,0.011204482,0.010909091,0.065055762,0.105263158,0.014705882,0.018691589,-0.025,0.014371257,-0.027987561,0.028943412,0.037398374,-0.041666667,0.018404908,-0.090909091,0,-0.010526316,-0.011560694,-0.006849315,0,0.050847458,0.034682081,-0.018348624,0.036312849,-0.031746032,0.052631579,0.022727273
5,181,0.008789723,0.008928571,-0.074074074,0.018335684,0.016949153,0.070707071,0.00498132,0.003067485,0.013513514,0.077951002,0.117647059,-0.013157895,0.016,0,0.015364917,-0.029356943,0.035071019,0.04518664,-0.037037037,0.018181818,-0.166666667,0,-0.010869565,0.00617284,-0.007462687,0,0.105263158,0.125,-0.056338028,0.049335863,-0.031914894,-0.042553191,0.025423729
5,182,0.008425146,0.00862069,0.041666667,0.016709512,0.016666667,0.063926941,0.007211538,0.006006006,0.024291498,0.074946467,0.125,0.014925373,0.019607843,0,0.018604651,-0.026740238,0.036595687,0.039930556,-0.032258065,0.017857143,-0.083333333,0,-0.010752688,-0.011695906,-0.007246377,0,0.045454545,0.018461538,0.035087719,0.03190184,-0.028571429,0.066666667,0.021428571
5,183,0.008201893,0.008064516,0.043478261,0.015970516,0.014705882,0.0625,0.006880734,0.011594203,0.010204082,0.070850202,0.05,0.014285714,0.017857143,-0.05,0.017433414,-0.02475442,0.029430469,0.038720539,-0.034482759,0.018867925,-0.1,0,-0.011235955,-0.012048193,-0.007352941,0,0.036809816,0.024390244,0.048387097,0.036262204,-0.030188679,0.071428571,0.02173913
5,184,0.006234414,0.005727377,0.088235294,0.008464329,-0.014084507,0.063953488,0.006644518,0.011142061,0.010948905,0.060763889,0.047619048,-0.037974684,0.016,-0.047619048,0.015557476,-0.031515758,0.029663147,0.037216828,-0.03125,0.016483516,-0.125,0,-0.010638298,-0.005813953,-0.007142857,0,0.030612245,0.022641509,-0.068965517,0.037790698,-0.029520295,0.058823529,0.024193548
5,185,0.008480104,0.008567931,0.055555556,0.017195767,0.016393443,0.06501548,0.007308161,0.011940299,0.013333333,0.074309979,0.105263158,0.014705882,0.018867925,0,0.022570533,-0.027474924,0.031615758,0.038800705,-0.051282051,0.01734104,-0.111111111,0,-0.010869565,-0.012658228,-0.007407407,-0.027777778,0.037037037,-0.014705882,-0.025,0.046263345,-0.03257329,0.222222222,0.019354839
5,186,0.008695652,0.010088272,0.047619048,0.019287834,0.020408163,0.074074074,0.007343941,0.012738854,0.013392857,0.079569892,0.055555556,0.015151515,0.02,0,0.017690418,-0.025819672,0.036165433,0.04159132,-0.034482759,0.030487805,0,0,-0.010752688,-0.012987013,-0.007194245,-0.026315789,0.024193548,0.021505376,0.117647059,0.040816327,-0.032786885,0.064516129,0.019736842
5,187,0.011871508,0.01310616,0.235294118,0.017241379,2.63164E-15,0.06501548,0.007334963,0.012987013,0.014150943,0.091623037,0.133333333,0.087719298,0.025316456,0,0.019098143,-0.023402675,0.042042421,0.045544554,-0.027027027,0.01910828,-0.05,0,-0.010309278,-0.012121212,-0.006993007,0,0.038216561,0.028571429,-0.026666667,0.044596913,-0.031128405,0.074074074,0.02173913
5,188,0.008344031,0.008393285,0.038461538,0.029150824,0.016949153,0.064714946,0.007185629,0.011363636,0.011904762,0.073375262,0.117647059,0.014285714,0.018691589,0,0.017183771,-0.030867222,0.032410186,0.038720539,-0.03125,0.017142857,-0.090909091,0,-0.011494253,-0.013422819,-0.007692308,0,0.032608696,0.025531915,-0.036363636,0.025936599,-0.030434783,0.058823529,0.019480519
5,189,0.00887372,0.009043928,0.043478261,0.017955801,-0.018181818,0.08781362,0.008152174,0.012779553,0.021097046,0.096470588,0.133333333,0.014925373,0.019607843,0,0.0215311,-0.028251121,0.035443265,0.04020979,-0.032258065,0.01875,-0.066666667,0,-0.011627907,-0.013245033,-0.007874016,0,0.057142857,0.040540541,-0.016260163,0.047445255,-0.026578073,0,0.02189781
5,190,0.010087424,0.008997429,0.041666667,0.016993464,0.016666667,0.064417178,0.007246377,0.012195122,0.013333333,0.078125,0.111111111,0.049180328,0.022988506,0,0.020821284,-0.024551832,0.031487546,0.043560606,-0.035714286,0.017964072,-0.125,0,-0.010869565,0,-0.007142857,-0.047619048,0.036885246,0.02247191,0.333333333,0.038690476,-0.027027027,0.064516129,0.019607843
5,191,0.008425146,0.008413462,0.04,0.017264276,0.016129032,0.063253012,0.007263923,0.009202454,0.011406844,0.068093385,0.105263158,0.013513514,0.015748031,0,0.017883756,-0.026271893,0.034839668,0.041894353,-0.033333333,0.016949153,-0.1,0,-0.010752688,0,-0.00729927,0,0.033707865,0.026431718,-0.04,0.037410072,-0.028571429,0.038461538,0.022727273
5,192,0.008124577,0.008917197,0.071428571,0.018413598,0.035714286,0.069192751,0.005037783,0.012232416,0.012048193,0.082159624,0.125,0.015151515,0.019417476,0,0.020512821,-0.026980728,0.054235703,0.039316239,-0.034482759,0.03030303,-0.066666667,0,0,0.006410256,-0.007575758,0,0.031088083,0.039370079,-0.055555556,0.040123457,-0.026315789,0.060606061,0.020547945
5,193,0.008502289,0.008578431,0.166666667,0.016927083,0.016666667,0.069908815,0.007255139,0.005952381,0.012295082,0.074309979,0.111111111,0.014084507,0.018867925,0,0.017374517,-0.027728873,0.031765795,0.039792388,-0.04,0.017857143,-0.111111111,0,-0.011111111,-0.011976048,-0.007407407,0,0.037735849,0.02764977,-0.027027027,0.04290429,-0.02962963,0.0625,0.021126761
5,194,0.008748318,0.009043928,0,0.017711172,0.017241379,0.079617834,0.007434944,0.01242236,0.012931034,0.086021505,0.1,0.028985507,0.019607843,-0.102040816,0.022018349,-0.02907245,0.033202203,0.044921875,-0.025641026,0.018072289,-0.083333333,0,-0.010752688,-0.011904762,-0.007246377,0,0.080645161,0.035714286,-0.017391304,0.0456942,-0.036101083,0.064516129,0.022058824
5,195,0.009015257,0.009150327,0.043478261,0.018258427,0.020408163,0.068071313,0.006377551,0.012578616,0.013953488,0.089058524,0.105263158,0.014705882,0.019417476,0,0.020857474,-0.028519692,0.071841663,0.042990654,-0.037037037,0.018518519,-0.058823529,0,-0.010526316,-0.011695906,-0.007042254,0,0.029126214,0.022058824,-0.076923077,0.041401274,-0.026143791,0.047619048,0.019354839
5,196,0.008592201,0.01120797,0.045454545,0.01321004,0.019230769,0.063732929,0.007185629,0.011869436,0.013333333,0.075593952,0.047619048,0.014285714,0.019047619,0,0.017982018,-0.027728873,0.023425778,0.039115646,-0.033333333,0.016216216,-0.111111111,0,-0.011235955,-0.006451613,-0.007518797,0,0.033333333,0.025751073,-0.035714286,0.03898051,-0.028070175,0.148148148,0.086956522
5,197,0.008301405,0.008323424,0.032258065,0.016209476,0.017857143,0.064896755,0.007159905,0.01183432,0.011627907,0.075757576,0.125,0.014084507,0.018518519,0,0,0.009785648,0.034749938,0.035825545,-0.041666667,0.005586592,-0.090909091,0,-0.010752688,-0.011363636,-0.00729927,-0.026315789,0.030456853,0.023255814,-0.037735849,0.035714286,-0.02507837,0.08,0.02027027
5,198,0.008238276,0.008284024,0.043478261,0.028220859,0.014925373,0.061403509,0.006984866,0.002832861,0,0.079908676,0.142857143,0.013513514,0.017391304,0,0.018508997,-0.027225583,0.018342869,0.037156704,-0.032258065,0.010989011,0,0,0,-0.012738854,-0.007936508,0,0.048,0.067010309,-0.02,0.036879433,-0.029520295,0.0625,0.045112782
5,199,0.008530184,0.008599509,0.083333333,0.017356475,0.016949153,0.064914992,0.007434944,0.011869436,0.012048193,0.073529412,0.055555556,0.063492063,0.010752688,0,0.02005571,-0.026740238,0.033276874,0.039249147,-0.027777778,0.017045455,-0.083333333,0.019230769,0,-0.01183432,0,-0.025,0.025210084,0.02027027,0.178571429,0.038123167,-0.02173913,0.048780488,0.01986755
5,200,0.010403121,0.00968523,0.045454545,0.018372703,0.046875,0.070878274,0.007290401,0.005797101,0.01048951,0.074786325,0.105263158,0.014492754,0,-0.025,0.075790622,-0.009158308,0.033986175,0.03807947,-0.035714286,0.017857143,0,-0.018867925,-0.010869565,0.006410256,-0.007246377,-0.027777778,0.031914894,0.012396694,-0.043478261,0.04107425,-0.030888031,0.130434783,-0.006802721
